title,created_utc,reddit_post_url,content
"[Gary Neville] ''Spurs fans won't like this but if you're Man City losing Pep Guardiola in a year or two, you'd be looking at Ange now thinking, WOW, that's exactly what we want to see. But for the time being Spurs have just got to enjoy this''",2023-12-16T10:12:35+00:00,https://www.reddit.com/r/soccer/comments/18jo9pa/gary_neville_spurs_fans_wont_like_this_but_if/,"''What heâ€™s done in such a short period of time is quite staggering,â€ Neville said.

â€œHeâ€™s put something in place thatâ€™s breathtaking to watch but actually, is quite complex when you watch it from a football point of view.â€

The former England international went on to say that he believes the former Socceroos boss would be an ideal candidate to replace Guardiola, whose contract expires in the summer of 2025.

â€œSpurs fans wonâ€™t like this but he is amazing, and if youâ€™re Manchester City losing Pep Guardiola in a year or two, youâ€™d be looking at Ange Postecoglou now thinking â€˜wow thatâ€™s exactly what we want to seeâ€™,â€ Neville said.

â€œBut for the time being Spurs have just got to enjoy this because itâ€™s brilliant to watch''.

â€œWhat they can do is enjoy one of the best brands of football Iâ€™ve seen in 10 years since I finished playing football. I love watching Tottenham Hotspur play.â€

Link - https://keepup.com.au/news/premier-league-ange-postecoglou-gary-neville-tottenham-hotspur-nottingham-forest/"
Post Match Thread: Manchester City 0 - 4 Tottenham | English Premier League 24/25 (Match Day 12),2024-11-23T19:26:03+00:00,https://www.reddit.com/r/soccer/comments/1gy7lxx/post_match_thread_manchester_city_0_4_tottenham/,"#[](#sprite7-p327) English Premier League 2024-2025 (Match Day 12)

# FT': [](#sprite1-p10) Manchester City 0-4 Tottenham [](#sprite1-p5)

Tottenham scorers: *âš½ James Maddison - 13', 20',  âš½ Pedro Porro - 52', âš½ Brennan Johnson - 90+4'*


------

[Auto-refreshing reddit comments link](https://reddit-stream.com/comments/1gy4nqo/)

Match Thread best viewed using old reddit: [link](https://old.reddit.com/r/soccer/comments/1gy4nqo/match_thread_manchester_city_vs_tottenham_english/)

------

# Match Information

###**ğŸ—ºï¸ Location**: Manchester, England

###**ğŸŸï¸ Stadium**: Etihad Stadium

###**ğŸ“… Date**: Saturday 23 November

###**â° Kick-off Time**: 17:30 GMT / 12:30 ET / 09:30 PT

###**ğŸ“¢ Referee**: ğŸ‡¬ğŸ‡§ John Brooks

###**ğŸ–¥ï¸ VAR**: ğŸ‡¬ğŸ‡§ Michael Salisbury



-----

#ğŸ“º Where to Watch

###ğŸ‡¬ğŸ‡§ Sky Go UK, NOW, SKY GO Extra, Sky Sports Main Event, Sky Sports Premier League, Sky Ultra HD

###ğŸ‡ºğŸ‡¸ fuboTV, UNIVERSO NOW, Peacock, Telemundo Deportes En Vivo, UNIVERSO, NBC

###ğŸ‡¨ğŸ‡¦ fuboTV Canada, Fubo Sports Network Canada

[Find your channel here](https://www.livesoccertv.com/match/4960482/manchester-city-vs-tottenham-hotspur/)

-----

## [](#sprite7-p327)English Premier League table
| Position | Team                      | GP | W  | D  | L  | GD  | P  |
|----------|---------------------------|----|----|----|----|-----|----|
| 2nd        | [](#sprite1-p10) Manchester City           | 11 | 7  | 2  | 2  | +9  | 23 |
| 11th       | [](#sprite1-p5) Tottenham Hotspur         | 11 | 5  | 1  | 5  | +10 | 16 |

#**Head To Head Record (last 5 matches)**

| Date       | Home Team | Score   | Away Team | Competition         |
|------------|------------------------|-------------------|-------|-------------------|
| Oct 30, 2024  | [](#sprite1-p5) Tottenham Hotspur | 2 - 1 | [](#sprite1-p10) Manchester City   | [](#sprite8-p79) English Carabao Cup   |
| May 14, 2024 | [](#sprite1-p5) Tottenham Hotspur | 0 - 2 | [](#sprite1-p10) Manchester City   | [](#sprite7-p327) English Premier League |
| Jan 26, 2024 | [](#sprite1-p5) Tottenham Hotspur | 0 - 1 | [](#sprite1-p10) Manchester City   | [](#sprite7-p327) English FA Cup         
| Dec 3, 2023  | [](#sprite1-p10) Manchester City   | 3 - 3 | [](#sprite1-p5) Tottenham Hotspur |[](#sprite7-p327) English Premier League | 
| Feb 5, 2023  |  [](#sprite1-p5) Tottenham Hotspur | 1 - 0 | [](#sprite1-p10) Manchester City   | [](#sprite7-p327) English Premier League |

###[](#sprite1-p10) Manchester City: 2 wins

###[](#sprite1-p5) Tottenham: 2 wins

###Draws: 1

*Last meeting: Tottenham 2-1 Man City (30 October 2024) - Carabao Cup*



-----

#ğŸ“ LINEUPS

##[](#sprite1-p10) Manchester City | 4-2-3-1

**Starting XI**: Ederson,
Manuel Akanji,
John Stones,
Josko Gvardiol,
Kyle Walker,
Bernardo Silva,
Ilkay GÃ¼ndogan,
Rico Lewis,
Erling Haaland,
Phil Foden,
Savinho

**Subs:** Jack Grealish,
Kevin De Bruyne,
Stefan Ortega,
James McAtee,
Nathan AkÃ©,
Nico O'Reilly,
Matheus Nunes,
Jacob Wright,
Jahmai Simpson-Pusey

**Coach:** ğŸ‡ªğŸ‡¸ Pep Guardiola






##[](#sprite1-p5) Tottenham | 4-2-3-1

**Starting XI**: Guglielmo Vicario,
Ben Davies,
Radu Dragusin,
Destiny Udogie,
Pedro Porro,
James Maddison,
Pape Matar Sarr,
Yves Bissouma,
Dominic Solanke,
Son Heung-Min,
Dejan Kulusevski
 
**Subs:** Djed Spence,
Malachi Hardy,
Will Lankshear,
Callum Olusesi,
Lucas Bergvall,
Brennan Johnson,
Fraser Forster,
Archie Gray,
Timo Werner

**Coach:** ğŸ‡¦ğŸ‡º Ange Postecoglou




---

#ğŸ—’ï¸ Match Events

- Both teams are out on the pitch, with Man City's players all applauding Rodri, who shows his Ballon D'Or off to the home fans. Kick-off in this Premier League contest is now just moments away!

- 1st Half Begins!

**1'**|
Tottenham kick off, and we are under way in Manchester!
 
**1'**| ğŸŸ¨
Yves Bissouma (Tottenham Hotspur) is shown the yellow card 

##**13'**| âš½ Goal! Manchester City 0, Tottenham Hotspur [1]. James Maddison (Tottenham Hotspur)

- GOAL!!! SPURS STRIKE FIRST! It's 1-0 to Tottenham! Kukusevski skins Gvardiol on the right wing, then lofts a lovely cross over to Maddison, who arrives with perfect timing into City's six-yard box. First time, he guides the ball inside the left-hand post, before setting off on his trademark darts celebration! That was totally against the run of play - City trail again!

- [Highlight](https://old.reddit.com/r/soccer/comments/1gy58uq/manchester_city_0_1_tottenham_james_maddison_13/)

**18'**|
SUPER SAVE! Son fires in a fizzing drive, which is bound for the top-right corner, but Ederson flies across to his left and tips it away at full stretch! Suddenly, Spurs are in the ascendancy.

- [Highlight](https://old.reddit.com/r/soccer/comments/1gy5ecj/ederson_great_save_19/)

##**20'**| âš½ Goal! Manchester City 0, Tottenham Hotspur 2. James Maddison (Tottenham Hotspur) 

- GOAL!!! TOTTENHAM LEAD BY TWO! Maddison silences the Etihad, scoring for the second time in the opening 20 minutes to put Spurs 2-0 up! City lose the ball deep in their own territory, and Son slips a tidy pass into the England international. He finds the net again, dinking a fine finish over Ederson and into the net!

- [Highlight](https://old.reddit.com/r/soccer/comments/1gy5ebz/manchester_city_0_2_tottenham_james_maddison_20/)


**22'**|
CLOSE! Haaland comes close again, driving into the box and firing in a shot that flashes just over the target! It's wide open at the Etihad, where City are desperately seeking a goal back before half-time.

**38'**|
CLOSE! Spurs escape after making a glaring error, as Porro's headed backpass is easily cut out by a lurking Savinho. The Man City winger then tries to lob Vicario, but the goalkeeper makes a smart stop on the edge of his area!

**45'**|
There will be at least three minutes added to the end of this first half, which has flown by. Spurs are in Man City territory, taking their time on the ball and trying to ensure they keep their two-goal lead intact until half-time.

- 1st Half Ends!

-----

# Halftime': [](#sprite1-p10) Manchester City 0-2 Tottenham [](#sprite1-p5)

| HALFTIME Statistic              | [](#sprite1-p10) Manchester City | Tottenham [](#sprite1-p5)|
|------------------------|-----------------|-----------|
Goal          | 0              | 2         |
| Shots on Goal          | 2               | 4         |
| Shots off Goal         | 6               | 1         |
| Total Shots            | 10              | 5         |
| Blocked Shots          | 2               | 0         |
| Shots inside Box       | 8               | 3         |
| Shots outside Box      | 2               | 2         |
| Fouls                  | 9               | 4         |
| Corner Kicks           | 3               | 3         |
| Offsides               | 1               | 3         |
| Ball Possession        | 52%             | 48%       |
| Yellow Cards           | 0               | 1         |
| Red Cards              | 0               | 0         |
| Goalkeeper Saves       | 2               | 2         |
| Total Passes           | 258             | 237       |
| Passes Accurate        | 242             | 208       |
| Passes %               | 94%             | 88%       |
| Expected Goals (xG)    | 1.13            | 0.98      |

---

- 2nd Half Begins

**45'**| ğŸ”„
Substitution, Manchester City. Nathan AkÃ© replaces John Stones.

**45'**| City kick off, and we are back under way in Manchester!

##**52'**| âš½ Goal! Manchester City 0, Tottenham Hotspur [3]. Pedro Porro (Tottenham Hotspur)

- GOAL!!! PORRO PROVES A POINT! The Spurs full-back scores the third goal against his former club, driving an unstoppable shot into the left side of the net following Solanke's neat cutback from the byline. Incredibly, Tottenham lead 3-0 at the Etihad, where the Premier League champions are falling apart!

- [Highlight](https://old.reddit.com/r/soccer/comments/1gy6lv7/manchester_city_0_3_tottenham_hotspur_pedro_porro/)

**55'**| ğŸŸ¨
Rico Lewis (Manchester City) is shown the yellow card

**63'**| ğŸ”„
Substitution, Tottenham Hotspur. Brennan Johnson replaces Son Heung-Min.

**74'**| ğŸ”„
Substitution, Manchester City. Jack Grealish replaces Rico Lewis.

**74'**| ğŸ”„
Substitution, Manchester City. Kevin De Bruyne replaces Savinho.

**78'**| ğŸŸ¨
Bernardo Silva (Manchester City) is shown the yellow card

**80'**| ğŸŸ¨
Pape Sarr (Tottenham Hotspur) is shown the yellow card.

**80'**| ğŸŸ¨
Kevin De Bruyne (Manchester City) is shown the yellow card.


**90'**|ğŸ”„
Substitution, Tottenham Hotspur. Lucas Bergvall replaces Pape Sarr.

**90'**|ğŸ”„
Substitution, Tottenham Hotspur. Djed Spence replaces Destiny Udogie.

**90'**|ğŸ”„
Substitution, Tottenham Hotspur. Timo Werner replaces James Maddison.

**90'**|
Fourth official has announced 4 minutes of added time.

**90'+2'**| ğŸŸ¨
Manuel Akanji (Manchester City) is shown the yellow card for a bad foul.

##**90'+3'**|  âš½ Goal! Manchester City 0, Tottenham Hotspur [4]. Brennan Johnson (Tottenham Hotspur)

- GOAL!!! SPURS HIT CITY FOR FOUR! The Champions are being thrashed in their own back yard! Two subs combine, as Werner streaks away down the left and delivers a low cross along the six-yard box; Johnson slides in ahead of Ake at the back post and prods it into the back of the net! It's Tottenham 4-0 Manchester City - incredible!

- [Highlight](https://old.reddit.com/r/soccer/comments/1gy7jpa/manchester_city_0_4_tottenham_brennan_johnson_903/)



--------

# FT': [](#sprite1-p10) Manchester City 0-4 Tottenham [](#sprite1-p5)

Tottenham scorers: *âš½ James Maddison - 13', 20',  âš½ Pedro Porro - 52', âš½ Brennan Johnson - 90+4'*

| FULL TIME Statistic              | [](#sprite1-p10) Manchester City | Tottenham [](#sprite1-p5)|
|------------------------|-----------------|-----------|
Goal          | 0              | 4     |  
| Possession       | 58.4%| 41.6%|
| Shots on Goal    | 5    | 7    |
| Shot Attempts    | 23   | 9    |
| Fouls            | 19   | 9    |
| Yellow Cards     | 4    | 2    |
| Red Cards        | 0    | 0    |
| Corner Kicks     | 9    | 3    |
| Saves            | 3    | 5    |

###Here is the next Premier League fixture for Manchester City and Tottenham
| Team             | Opponent         | Date           | Venue                  |
|------------------|------------------|----------------|------------------------|
| [](#sprite1-p10) Manchester City  | [](#sprite1-p3) Liverpool        | Sunday, 1st December 2024 | Anfield                |
| [](#sprite1-p5) Tottenham Hotspur| [](#sprite1-p66) Nottingham Forest| Sunday, 1st December 2024 | Tottenham Hotspur Stadium |









---------


Match thread created by /u/VivaLosHeavies"
Post Match Thread: Liverpool 2-0 Manchester City | English Premier League 24/25 (Match Day 13),2024-12-01T17:55:06+00:00,https://www.reddit.com/r/soccer/comments/1h49142/post_match_thread_liverpool_20_manchester_city/,"#[](#sprite7-p327) English Premier League 2024-2025 (Match Day 13)

# FULLTIME': [](#sprite1-p3) Liverpool 2-0 Manchester City [](#sprite1-p10)

Liverpool scorers: *âš½ Cody Gakpo - 12', âš½ Mohamed Salah - 78' Pen*


------

[Auto-refreshing reddit comments link](https://reddit-stream.com/comments/1h464hu/)

Match Thread best viewed using old reddit: [link](https://old.reddit.com/r/soccer/comments/1h464hu/match_thread_liverpool_vs_manchester_city_english/)

------

# Match Information

###**ğŸ—ºï¸ Location**: Liverpool, England

###**ğŸŸï¸ Stadium**: Anfield

###**ğŸ“… Date**:  Sunday 1st December

###**â° Kick-off Time**: 16:00 GMT / 11:00 ET / 08:00 PT

###**ğŸ“¢ Referee**: ğŸ‡¬ğŸ‡§ Chris Kavanagh

###**ğŸ–¥ï¸ VAR**: ğŸ‡¬ğŸ‡§ Paul Tierney



-----

#ğŸ“º Where to Watch

###ğŸ‡¬ğŸ‡§ Sky Go UK, NOW, SKY GO Extra, Sky Sports Main Event, Sky Sports Premier League, Sky Ultra HD

###ğŸ‡ºğŸ‡¸ fuboTV, UNIVERSO NOW, Peacock, Telemundo Deportes En Vivo, UNIVERSO, NBC

###ğŸ‡¨ğŸ‡¦ fuboTV Canada, Fubo Sports Network Canada

[Find your channel here](https://www.livesoccertv.com/match/4960489/liverpool-vs-manchester-city/)


-----

## [](#sprite7-p327)English Premier League table
| Position | Team                     | GP | W  | D  | L  | GD  | P  
|-------------|------------|----|----|----|----|------|----  
|1st| [](#sprite1-p3) Liverpool                | 12 | 10 | 1  | 1  | +16  | 31  
|5th| [](#sprite1-p10) Manchester City          | 12 | 7  | 2  | 3  | +5   | 23 

#**Head To Head Record (last 5 matches)**

LAST FIVE GAMES          | Date           | Competition  
-------------------------|----------------|-------------------------  
[](#sprite1-p3) Liverpool 1 - 1 Manchester City [](#sprite1-p10) | Mar 10, 2024   | [](#sprite7-p327) English Premier League  
[](#sprite1-p10) Manchester City 1 - 1 Liverpool [](#sprite1-p3) | Nov 25, 2023   | [](#sprite7-p327) English Premier League  
[](#sprite1-p10) Manchester City 4 - 1 Liverpool [](#sprite1-p3) | Apr 1, 2023    | [](#sprite7-p327) English Premier League  
[](#sprite1-p3) Liverpool 1 - 0 Manchester City [](#sprite1-p10) | Oct 16, 2022   | [](#sprite7-p327) English Premier League  
[](#sprite1-p10) Manchester City 2 - 2 Liverpool [](#sprite1-p3) | Apr 10, 2022   | [](#sprite7-p327) English Premier League  

### [](#sprite1-p3) Liverpool: 1 win

### [](#sprite1-p10) Manchester City: 2 wins

###Draws: 2

*Last meeting: Liverpool 1-1 Man City (10 March 2024) - Premier League*



-----

#ğŸ“ LINEUPS

## [](#sprite1-p3) Liverpool | 4-2-3-1

**Starting XI**: CaoimhÃ­n Kelleher,
Virgil van Dijk,
Joe Gomez,
Andrew Robertson,
Trent Alexander-Arnold,
Dominik Szoboszlai,
Alexis Mac Allister,
Ryan Gravenberch,
Cody Gakpo,
Luis DÃ­az,
Mohamed Salah

**Subs:** Tyler Morton,
Vitezslav Jaros,
Wataru Endo,
Jarell Quansah,
Harvey Elliott,
Curtis Jones,
Harvey Davies,
Trey Nyoni,
Darwin NÃºÃ±ez

**Coach:** ğŸ‡³ğŸ‡± Arne Slot







## [](#sprite1-p10) Manchester City | 4-2-3-1

**Starting XI**: Stefan Ortega,
Manuel Akanji,
RÃºben Dias,
Nathan AkÃ©,
Kyle Walker,
Phil Foden,
Ilkay GÃ¼ndogan,
Rico Lewis,
Erling Haaland,
Matheus Nunes,
Bernardo Silva
 
**Subs:** JÃ©rÃ©my Doku,
Jack Grealish,
Scott Carson,
Savinho,
Kevin De Bruyne,
Nico O'Reilly,
James McAtee,
Ederson,
Josko Gvardiol

**Coach:** ğŸ‡ªğŸ‡¸ Pep Guardiola






---

#ğŸ—’ï¸ Match Events

- 1st Half Begins

**1'**|
Liverpool get the match underway from the kick-off!

**10'**|
Guardiola is patrolling his technical area nervously, shouting instructions to his side, who have been on the back foot in the opening 10 minutes at Anfield. Poor passing and sloppy touches have given the hosts multiple opportunities to win the ball back easily, with Diaz and Szoboszlai looking dangerous on the counter.

**11'**|
OFF THE POST AND OUT! Mac Allister and Szoboszlai combine to play a corner-kick short, with the Hungary international clipping a cross to the back post after carrying possession to the edge of the 18-yard box. Van Dijk leaps and throws himself at the delivery but he smashes his header off the frame of the goal!

- [Highlight](https://old.reddit.com/r/soccer/comments/1h46nhz/virgil_van_dijk_hits_the_post_against_manchester/)

##**12'**| âš½Goal! Liverpool [1], Manchester City 0. Cody Gakpo (Liverpool)

- THE BALL GOES IN THIS TIME! 1-0 LIVERPOOL! Mac Allister threads a superb pass through the lines towards the corner-flag for Salah, who tracks it down before dribbling into the penalty area ahead of Akanji. Shaping to shoot, the Egypt international instead squares an unselfish, inch-perfect pass across the face of goal for Gakpo, who tucks it home coolly!

- [Highlight](https://old.reddit.com/r/soccer/comments/1h46nlo/liverpool_1_0_manchester_city_cody_gakpo_12/)

**19'**|
SO CLOSE FOR THE SECOND TIME! Van Dijk is once again able to get his head to the ball freely from a corner-kick, latching on to Mac Allisterâ€™s outswinging delivery before pushing the chance inches wide of the post!

**21'**|
Liverpool have registered seven total shots, four on target - and one off the post - while producing an xG of 1.41 in the first 20 minutes. Manchester City, for their part, have zeroes in each category, with Guardiolaâ€™s side off to a poor start lacking in confidence.

**24'**| ğŸŸ¨
Matheus Nunes (Manchester City) is shown the yellow card

**32'**| ğŸŸ¨
Phil Foden (Manchester City) is shown the yellow card

**36'**| ğŸŸ¨
Ryan Gravenberch (Liverpool) is shown the yellow card

**45'+1'**| ğŸŸ¨
Manuel Akanji (Manchester City) is shown the yellow card

**45'+3'**| First Half ends,  Halftime

---



# HALFTIME': [](#sprite1-p3) Liverpool 1-0 Manchester City [](#sprite1-p10)

| **HALFTIME Match Stats**       | [](#sprite1-p3) Liverpool | Manchester City [](#sprite1-p10) |
|------------------------|---------------|--------------|
| **Goals**              | 1            | 0            |
| **Possession %**       | 53.5          | 46.5         |
| **Shots on target**    | 4             | 0            |
| **Shots**              | 10            | 1            |
| **Touches**            | 341           | 311          |
| **Passes**             | 259           | 231          |
| **Tackles**            | 6             | 11           |
| **Clearances**         | 2             | 10           |
| **Corners**            | 5             | 0            |
| **Offsides**           | 2             | 0            |
| **Yellow cards**       | 1             | 3            |
| **Fouls conceded**     | 3             | 5            |


-------

- 2nd Half Begins!

**46'**|
Manchester City get the match restarted from the kick-off!

**51'**|
WHAT A COUNTER! Kelleher rolls the ball into the feet of Robertson immediately following Manchester Cityâ€™s corner, with the full-back getting into Manchester Cityâ€™s half before wrapping a pass around the defensive line for Gakpo, who is denied the opportunity to shoot by a sliding Nunes!

**57'**|
SALAH MISSES THE TARGET! Silvaâ€™s pass back to Akanji inside the centre-circle is lept upon by Salah, who immediately drives forward into Manchester Cityâ€™s penalty area, drawing Ortega off his line. With time and space to pick his spot, the Egypt international uses his left foot to find the far corner, but he sends his effort high and wide!

**57'**| ğŸ”„
Substitution, Manchester City. JÃ©rÃ©my Doku replaces Matheus Nunes.

**58'**| ğŸ”„
Substitution, Manchester City. Savinho replaces Ilkay GÃ¼ndogan.

**73'**| ğŸ”„
Substitution, Liverpool. Jarell Quansah replaces Trent Alexander-Arnold.

**73'**| ğŸ”„
Substitution, Liverpool. Darwin NÃºÃ±ez replaces Cody Gakpo.

**77'**|
PENALTY TO LIVERPOOL! Nunez hurries Dias just outside his own 18-yard box after Akanjiâ€™s poor header back following a goal-kick, with Diaz storming through to win the ball before breaking into the area and going over under a mistimed Ortega sliding challenge. The Manchester City players are vehemently arguing their case but itâ€™s a clear spot-kick, with Salah given the chance to double Liverpoolâ€™s advantage!

##**78'**| âš½ Goal! Liverpool 2, Manchester City 0. Mohamed Salah (Liverpool) 

- NO DOUBT ABOUT IT! 2-0 LIVERPOOL! After squandering a chance earlier in the half, Salah makes no mistake from the spot-kick, pulling his low effort towards the near post. Ortega guesses correctly, looking to make amends for his challenge, but heâ€™s unable to deny the winger, who puts the hosts ahead by a pair!

- [Highlight](https://old.reddit.com/r/soccer/comments/1h48kx7/liverpool_2_0_manchester_city_mohamed_salah/)

**79'**| ğŸ”„ Substitution, Manchester City. Kevin De Bruyne replaces Phil Foden.

**79'**| ğŸ”„ Substitution, Manchester City. Jack Grealish replaces Rico Lewis.

**83'**|
KELLEHER PRESERVES THE ADVANTAGE! Van Dijk inexplicably gives the ball away to De Bruyne 25 yards from goal after a lax touch, but the Belgium international is denied by Kelleher, who manages to smother the eventual shot put through his legs at the second time of asking.

**84'**| ğŸ”„ Substitution, Liverpool. Curtis Jones replaces Mohamed Salah.

- Salah gets six extra minutes to rest his legs, with Jones brought on in his stead.

**90'**| Fourth official adds 4 minutes of injury time


----------

# FULLTIME': [](#sprite1-p3) Liverpool 2-0 Manchester City [](#sprite1-p10)

Liverpool scorers: *âš½ Cody Gakpo - 12', âš½ Mohamed Salah - 78' Pen*


###Here is the next Premier League fixture for Liverpool and Manchester City
| Date          | Home Team     | Away Team     | Venue              | City          |
|---------------|---------------|---------------|--------------------|---------------|
| Wed 4 Dec 24  | [](#sprite1-p11) Newcastle     | [](#sprite1-p3) Liverpool     | St. James' Park    | Newcastle     |
| Wed 4 Dec 24  | [](#sprite1-p10) Manchester City      | [](#sprite1-p66) Nottingham Forest | Etihad Stadium     | Manchester    |


-------


Match thread created by /u/VivaLosHeavies"
Post Match Thread: Brighton 2-1 Manchester City | English Premier League 24/25 (Match Day 11),2024-11-09T19:29:33+00:00,https://www.reddit.com/r/soccer/comments/1gnhuuj/post_match_thread_brighton_21_manchester_city/,"#[](#sprite7-p327) English Premier League 2024-2025 (Match Day 11)

# FT': [](#sprite1-p103) Brighton 2-1 Manchester City [](#sprite1-p10)

Brighton scorers: *âš½ Joao Pedro - 78', âš½ Matt O'Riley - 83'*

Manchester City scorers: *âš½ Erling Haaland - 23'* 

------

[Auto-refreshing reddit comments link](https://reddit-stream.com/comments/1gnewjc/)

Match Thread best viewed using old reddit: [link](https://old.reddit.com/r/soccer/comments/1gnewjc/match_thread_brighton_vs_manchester_city_english/)

------

# Match Information

###**ğŸ—ºï¸ Location**: Brighton, England

###**ğŸŸï¸ Stadium**: AMEX Stadium

###**ğŸ“… Date**: Saturday 9 November

###**â° Kick-off Time**: 17:30 GMT / 12:30 ET / 09:30 PT

###**ğŸ“¢ Referee**: ğŸ‡¬ğŸ‡§ Sam Barrott

###**ğŸ–¥ï¸ VAR**: ğŸ‡¬ğŸ‡§ Jarred Gillett



-----

#ğŸ“º Where to Watch

###ğŸ‡¬ğŸ‡§ Sky Go UK, NOW, SKY GO Extra, Sky Sports Main Event, Sky Sports+, Sky Ultra HD

###ğŸ‡ºğŸ‡¸ fuboTV, nbcsports.com, NBC Sports App, UNIVERSO NOW, Telemundo Deportes En Vivo, USA Network, UNIVERSO

###ğŸ‡¨ğŸ‡¦ fuboTV Canada, Fubo Sports Network Canada

[Find your channel here](https://www.livesoccertv.com/match/4960466/brighton-hove-albion-vs-manchester-city/)


-----

## [](#sprite7-p327)English Premier League table
| Position | Team | Played | Wins | Draws | Losses | Goals For | Goals Against | Goal Difference | Points | 
|----------|--------------------|--------|------|-------|--------|-----------|----------------|------------------|--------| 
| 2nd | [](#sprite1-p10) Manchester City | 11 | 7 | 2 | 2 | 22 | 13 | +9 | 23 | 
| 4th | [](#sprite1-p103) Brighton | 11 | 5 | 4 | 2 | 19 | 15 | 4 | 19 |

#**Head To Head Record (last 5 matches)**

| Date       | Competition          | Result                        |
|------------|----------------------|-------------------------------|
| Apr 25, 2024 | [](#sprite7-p327) English Premier League | [](#sprite1-p103) Brighton 0 - 4 **Manchester City** [](#sprite1-p10) |
| Oct 21, 2023 | [](#sprite7-p327) English Premier League | [](#sprite1-p10) **Manchester City** 2 - 1 Brighton [](#sprite1-p103) |
| May 24, 2023 | [](#sprite7-p327) English Premier League | [](#sprite1-p103) Brighton 1 - 1 Manchester City [](#sprite1-p10) |
| Oct 22, 2022 | [](#sprite7-p327) English Premier League | [](#sprite1-p10) **Manchester City** 3 - 1 Brighton [](#sprite1-p103) |
| Apr 20, 2022 | [](#sprite7-p327) English Premier League | [](#sprite1-p10) **Manchester City** 3 - 0 Brighton [](#sprite1-p103) |

###[](#sprite1-p103) Brighton: 0 wins

###[](#sprite1-p10) Manchester City: 4 wins

###Draws: 1

*Last meeting: Brighton 0-4 Man City (25 April 2024) - Premier League*



-----

#ğŸ“ LINEUPS

##[](#sprite1-p103) Brighton | 4-4-2

**Starting XI**: Bart Verbrugge,
Igor Julius,
John Paul van Hecke,
Pervis EstupiÃ±Ã¡n,
Joel Veltman,
Yasin Ayari,
Jack Hinshelwood,
Kaoru Mitoma,
Simon Adingra,
Danny Welbeck,
George Rutter

**Subs:** John Pedro,
Evan Ferguson,
Jason Steele,
Julio Enciso,
Brajan Gruda,
Matt O'Riley,
Mats Wieffer,
Carlos Baleba,
Jacob Moder

**Coach:**  ğŸ‡©ğŸ‡ª Fabian HÃ¼rzeler





##[](#sprite1-p10) Manchester City | 4-1-4-1

**Starting XI**: Ederson,
Jahmai Simpson-Pusey,
Kyle Walker,
Mateo KovaÄiÄ‡,
Josko Gvardiol,
Rico Lewis,
Ilkay Gundogan,
Phil Foden,
Matheus Nunes,
Savinho,
Erling Haaland

**Subs:** Kevin DeBruyne,
Josh Wilson Esbrand,
Stefan Ortega,
Manuel Akanji,
Bernardo Silva,
Jacob Wright,
Nico O'Reilly,
James McAtee,
Nathan Ake

**Coach:** ğŸ‡ªğŸ‡¸ Pep Guardiola


---

#ğŸ—’ï¸ Match Events

- 1st Half Begins!

**1'**|
We're under way!

**3'**|
City with the early possession here as you might expect keeping it well in the middle of the pitch as Brighton get everyone back the ball to soak it up.

**5'**|
Almost! Haaland makes a good run in behind the Brighton defence, with Gundogan trying to slide the ball through to him, but it's cut out in the nick of time.


**13'**|
Not too far away! Lewis switches the ball across to the right to Savinho, who tries to pick out Haaland with a cross with his weaker foot, but his curling strike ends up landing on the top of the net.

**16'**|
CHANCE! Savinho should score! The winger cuts in from the right wing and Kovacic plays the ball in behind the Brighton defence for Savinho, who only has Verbruggen to beat from a tight angle. However, the keeper gets down quickly and makes a great save with his feet to deny him his first City goal.


**17'**|
CHANCE! Haaland should do better! Foden whips an excellent free-kick delivery into the box and it evades the Brighton defence, allowing Haaland a free shot on goal at the far post. However, the striker is reaching for it and can't turn his effort goalwards.

**19'**| ğŸŸ¨
Yasin Ayari (Brighton and Hove Albion) is shown the yellow card


##**23'**| âš½ Goal! Brighton and Hove Albion 0, Manchester City [1]. Erling Haaland (Manchester City) 

- GOAL! CITY LEAD! Brighton lose possession in midfield and City punish them on the counter-attack. Kovavic does brilliantly to slide the ball through the Brighton defence and Haaland finds space between the two centre-backs and drives towards goal. He fires a low shot towards goal which Verbruggen manages to get a touch to, but it still flies towards the back of the net and Haaland reaches it ahead of Van Hecke, poking it in from close range. They lead 1-0!

- [Highlight](https://old.reddit.com/r/soccer/comments/1gnfpnx/brighton_0_1_manchester_city_erling_haaland_23/)

**26'**|
OFF THE POST! Haaland almost makes it two! It's another quick counter by City, with Foden finding Haaland deep in the box, who fires an effort towards the near post. Verbruggen gets a touch on it with his feet, which sends it onto the post and out for a corner.


**30'**|
We're at the half an hour mark now and it's City who lead 1-0 thanks to Haaland's 12th Premier League goal of the season.

**37'**| ğŸŸ¨
Rico Lewis (Manchester City) is shown the yellow card

**44'**| ğŸŸ¨
Igor Julio (Brighton and Hove Albion) is shown the yellow card.

- 1st Half Ends!

-----

# HALFTIME': [](#sprite1-p103) Brighton 0-1 Manchester City [](#sprite1-p10)

| Halftime Stats |  [](#sprite1-p103) Brighton| Manchester City [](#sprite1-p10)|
|------------------|-----|-----|
|Goals    | 0   | 1   |
| Possession       | 33% | 67% |
| Shots on Goal    | 0   | 5   |
| Shot Attempts    | 3   | 9   |
| Fouls            | 6   | 5   |
| Yellow Cards     | 2   | 1   |
| Red Cards        | 0   | 0   |
| Corner Kicks     | 0   | 3   |
| Saves            | 4   | 0   |


---

- 2nd Half Begins!

**45'**|
The second half is under way!

**45'**| Substitution, Brighton and Hove Albion. Carlos Baleba replaces Yasin Ayari.

**50'**|
Decent chance! Mitoma is found in plenty of space with a cross from the right and he should take a touch and try and fire a shot away, but instead heads it back across goal for a teammate. However, it lacks power and Ederson comfortably gathers.

**52'**|
CHANCE! Estupinan delivers an excellent cross into the penalty area from the left wing and it's met by the head of Hinshelwood, who powers a header towards goal. However, it's too close to Ederson, who makes a good save to deny Brighton the equaliser.

**55'**|
A second goal would make it difficult for Brighton to get back into this one and a win for City today would send them top of the table.

**57'**| ğŸ”„
Substitution, Brighton and Hove Albion. Matt O'Riley replaces Jack Hinshelwood due to an injury.


**60'**| Welbeck has either scored (3) or assisted (1) a goal in each of his last four Premier League games â€“ heâ€™s never registered a goal involvement in five consecutive matches in the competition before.

**61'**|
City seem to have seen off the early Brighton storm here and are now seeing much more of the ball and are pushing forward themselves.

**65'**|
Good chance! Estupinan whips another good cross into the box from the left and it's met by Rutter, who has a free header at goal, but he gets too much on it and it fiies over the crossbar.

**66'**| ğŸ”„
Substitution, Brighton and Hove Albion. Brajan Gruda replaces Georginio Rutter.

**66'**| ğŸ”„
Substitution, Brighton and Hove Albion. JoÃ£o Pedro replaces Simon Adingra.


**68'**|
CHANCE! City lose possession deep inside their own half and Mitoma is fed through on goal, but Ederson races out to meet him and makes a terrific save to deny Brighton the equaliser.

**69'**|
CHANCE! Joao Pedro now with the opportunity in front of goal, he only has Ederson to beat, but Walker gets back just in time to put him off and the shot flies well wide of the City goal.

**72'**| ğŸ”„
Substitution, Manchester City. Bernardo Silva replaces Ilkay GÃ¼ndogan.

**74'**| ğŸ”„
Substitution, Manchester City. Kevin De Bruyne replaces Savinho.

- Another City change, as Savinho heads off and he's been replaced by De Bruyne, who makes his return to the side after a spell on the sidelines.

**77'**| ğŸŸ¨
Jahmai Simpson-Pusey (Manchester City) is shown the yellow card

##**78'**| âš½ Goal! Brighton and Hove Albion [1], Manchester City 1. JoÃ£o Pedro

- GOAL! BRIGHTON EQUALISE! The initial cross comes in from Mitoma, which City fail to deal with, Welbeck canâ€™t get a shot away and then itâ€™s very scrappy deep inside the box, with City unable to clear the ball. Joao Pedro then nicks it off everyone and fires it into the back of the net from close range, itâ€™s 1-1!

- [Highlight](https://old.reddit.com/r/soccer/comments/1gnhdde/brighton_1_1_manchester_city_joao_pedro_78/)

##**83'**| âš½ Goal! Brighton and Hove Albion [2], Manchester City 1. Matt O'Riley (Brighton and Hove Albion) 

- GOAL! BRIGHTON LEAD! Theyâ€™ve turned it around! Itâ€™s a lovely move by Brighton, playing quick football and they open City up, with Welbeck laying it off to Joao Pedro, who then slides the ball through to Oâ€™Riley, who takes a touch and then beat Ederson to fire it into the back of the net! Brighton lead 2-1!

- [Highlight](https://old.reddit.com/r/soccer/comments/1gnhiuh/brighton_2_1_manchester_city_m_oriley_83/)

**85'**| 
O'Riley and Joao Pedro have been on the sidelines for a while for Brighton, but they've made their mark upon their return to the team!


**90'**| ğŸ”„
Substitution, Brighton and Hove Albion. Jakub Moder replaces Kaoru Mitoma.

- 2nd Half Ends!


-----

# FT': [](#sprite1-p103) Brighton 2-1 Manchester City [](#sprite1-p10)

Brighton scorers: *âš½ Joao Pedro - 78', âš½ Matt O'Riley - 83'*

Manchester City scorers: *âš½ Erling Haaland - 23'* 

| FULLTIME Stats |  [](#sprite1-p103) Brighton| Manchester City [](#sprite1-p10)|
|------------------|-----|-----|
|Goals    | 2   | 1   |
| Possession| 39%                | 61%                       |
| Shots on Goal   | 4                  | 5                         |
| Shot Attempts  | 10                 | 14                        |
| Fouls         | 12                 | 9                         |
| Yellow Cards   | 2                  | 2                         |
| Red Cards       | 0                  | 0                         |
| Corner Kicks   | 0                  | 4                         |
| Saves    | 4                  | 2                         |


###Here are the next Premier League fixtures for Brighton and Manchester City

| Date       | Home Team      | Away Team            | Stadium         |
|------------|----------------|----------------------|-----------------|
| Nov 23, 2024 | [](#sprite1-p218) AFC Bournemouth | [](#sprite1-p103) Brighton & Hove Albion | Vitality Stadium |
| Nov 23, 2024 | [](#sprite1-p10) Manchester City | [](#sprite1-p5) Tottenham Hotspur | Etihad Stadium |



------

Match thread created by /u/VivaLosHeavies"
Post Match Thread: Manchester City 1-2 Manchester United [MANCHESTER UNITED WIN THE FA CUP!],2024-05-25T15:56:37+00:00,https://www.reddit.com/r/soccer/comments/1d0f1w4/post_match_thread_manchester_city_12_manchester/,"
#**FT: Manchester City  [1-2](#bar-3-white)  Manchester United**





--------

**Venue:** Wembley Stadium

[Auto-refreshing reddit comments link](http://www.reddit-stream.com/comments/1d0cgvu)

---------

[](#icon-notes-big) **LINE-UPS**

**Manchester City**

Stefan Ortega, Nathan AkÃ©, John Stones, Josko Gvardiol, Kyle Walker, Kevin De Bruyne, Mateo Kovacic, Rodri , Erling Haaland, Phil Foden, Bernardo Silva.

**Subs:** Jack Grealish, RÃºben Dias, Oscar Bobb, Rico Lewis, Scott Carson, JuliÃ¡n Ãlvarez, Matheus Nunes, JÃ©rÃ©my Doku, Manuel Akanji.

^____________________________

**Manchester United**

AndrÃ© Onana, Lisandro MartÃ­nez, RaphaÃ«l Varane, Diogo Dalot, Aaron Wan-Bissaka, Sofyan Amrabat, Kobbie Mainoo, Bruno Fernandes, Scott McTominay, Marcus Rashford, Alejandro Garnacho.

**Subs:** Altay Bayindir, Amad , Christian Eriksen, Willy Kambwala, Jonny Evans, Antony , Mason Mount, Victor LindelÃ¶f, Rasmus HÃ¸jlund.

------------

[](#icon-net-big) **MATCH EVENTS** | *via [ESPN](http://www.espn.com/soccer/match?gameId=702151)*



**30'** [](#icon-ball) **Goal!  Manchester City 0, Manchester United 1. Alejandro Garnacho (Manchester United) right footed shot from the centre of the box to the centre of the goal.**

**39'** [](#icon-ball) **Goal!  Manchester City 0, Manchester United 2. Kobbie Mainoo (Manchester United) right footed shot from the centre of the box to the centre of the goal. Assisted by Bruno Fernandes.**



--------

*^(Don't see a thread for a match you're watching?) [^(Click here)](https://www.reddit.com/r/soccer/wiki/matchthreads#wiki_match_thread_bot) ^(to learn how to request a match thread from this bot.)*"
Post Match Thread: Manchester City 2-2 Arsenal | English Premier League 24/25 (Match Day 5),2024-09-22T17:38:18+00:00,https://www.reddit.com/r/soccer/comments/1fmyumi/post_match_thread_manchester_city_22_arsenal/,"#[](#sprite7-p327)English Premier League 2024-2025 (Match Day 5)

# FULLTIME': [](#sprite1-p10) Manchester City 2-2 Arsenal [](#sprite1-p1)

Manchester City scorers: *âš½ Erling Haaland - 9', âš½ John Stones - 90'+8*

Arsenal scorers: *âš½ Riccardo Calafiori - 22', âš½ Gabriel MagalhÃ£es - 45'+1', ğŸŸ¥ Leandro Trossard - 45'+8*

------

[Auto-refreshing reddit comments link](https://reddit-stream.com/comments/1fmvl6j/)

Match Thread best viewed using old reddit: [link](https://old.reddit.com/r/soccer/comments/1fmvl6j/match_thread_manchester_city_vs_arsenal_english/?)

------

# Match Information

###**ğŸ—ºï¸ Location**: Manchester, England

###**ğŸŸï¸ Stadium**: Etihad Stadium

###**ğŸ“… Date**: Sunday 15 September

###**â° Kick-off Time**: 16:30 BST / 11:30 ET / 08:30 PT

###**ğŸ“¢ Referee**: ğŸ‡¬ğŸ‡§ Michael Oliver

###**ğŸ–¥ï¸ VAR**: ğŸ‡¬ğŸ‡§ John Brooks


-----

#ğŸ“º Where to Watch

###ğŸ‡¬ğŸ‡§ Sky Sports Main Event, Sky Sports Premier League, Sky Ultra HD, Sky GO, Sky GO Extra, NOW TV

###ğŸ‡ºğŸ‡¸ fuboTV, NBC Sports App, nbcsports.com, USA Network, Telemundo, Telemundo Deportes En Vivo

###ğŸ‡¨ğŸ‡¦ Fubo Sports Network, fuboTV

[Find your channel here](https://www.livesoccertv.com/match/4960411/manchester-city-vs-arsenal/)


-----

## [](#sprite7-p327)English Premier League table
| Position | Team            | Played | Wins | Draws | Losses | Goals For | Goals Against | Goal Difference | Points | Recent Form     |
|----------|-----------------|--------|------|-------|--------|-----------|---------------|-----------------|--------|-------------------------|
| 1st        | [](#sprite1-p10) Manchester City | 5      | 4    | 1     | 0      | 13        | 5             | +8              | 13     | D-W-W-W-W         |
| 4th        | [](#sprite1-p1) Arsenal         | 5      | 3    | 2     | 0      | 8         | 3             | +5              | 11     | D-W-D-W-W         |

#**Head To Head Record (last 5 matches)**

| Date         | Home Team       | Score | Away Team       | Competition              |
|--------------|-----------------|-------|-----------------|--------------------------|
| Mar 31, 2024 | [](#sprite1-p10) Manchester City | 0 - 0 | [](#sprite1-p1) Arsenal         | [](#sprite7-p327) English Premier League   |
| Oct 8, 2023  | [](#sprite1-p1) Arsenal         | 1 - 0 | [](#sprite1-p10) Manchester City | [](#sprite7-p327) English Premier League   |
| Aug 6, 2023  | [](#sprite1-p1) Arsenal         | 1 - 1 | [](#sprite1-p10) Manchester City | [](#sprite8-p61) English FA Community Shield |
| Apr 26, 2023 | [](#sprite1-p10) Manchester City | 4 - 1 | [](#sprite1-p1) Arsenal         | [](#sprite7-p327) English Premier League   |
| Feb 15, 2023 | [](#sprite1-p1) Arsenal         | 1 - 3 | [](#sprite1-p10) Manchester City | [](#sprite7-p327) English Premier League   |


###[](#sprite1-p10) Manchester City: 2 wins

###[](#sprite1-p1) Arsenal: 2 wins

Draws: 1

*Last meeting: Man City 0-0 Arsenal (31 March 2024) - Premier League*

-----

#ğŸ“ LINEUPS

##[](#sprite1-p10) Manchester City | 4-2-3-1

**Starting XI**: Ederson,
Manuel Akanji,
RÃºben Dias,
Josko Gvardiol,
Kyle Walker,
Bernardo Silva,
Ilkay GÃ¼ndogan,
Rodri,
Erling Haaland,
JÃ©rÃ©my Doku,
Savinho

**Subs:** Matheus Nunes,
Phil Foden,
John Stones,
Scott Carson,
Rico Lewis,
Jack Grealish,
Stefan Ortega,
James McAtee,
Mateo Kovacic

**Coach:**  ğŸ‡ªğŸ‡¸ Pep Guardiola




##[](#sprite1-p1) Arsenal | 4-2-3-1

**Starting XI**: David Raya,
Gabriel MagalhÃ£es,
William Saliba,
Riccardo Calafiori,
JurriÃ«n Timber,
Declan Rice,
Thomas Partey,
Gabriel Martinelli,
Bukayo Saka,
Leandro Trossard,
Kai Havertz 

**Subs:** Gabriel Jesus,
Raheem Sterling,
Ben White,
Maldini Kacurri,
Neto,
Ethan Nwaneri,
Myles Lewis-Skelly,
Jorginho,
Jakub Kiwior

**Coach:** ğŸ‡ªğŸ‡¸ Mikel Arteta


---

#ğŸ—’ï¸ Match Events

- 1st Half Begins!

**1'**|
Manchester City get the match underway from the kick-off!


**2'**|
Rodri has gone down holding his head immediately after the kick-off, with less than five seconds passing before the incident. Both sets of players crowd around the Spain international, after what appeared to be a raised elbow from Havertz.

**3'**|
After a check from the medical staff, Rodri is cleared to continue, while VAR looks at every angle of the incident. It doesnâ€™t appear a card will be produced for Havertz, as the game restarts from a free-kick.

**8'**|
GUNDOGAN GOES WIDE! Akanji hits a switch out to the right for Silva, who immediately plays an incisive pass into the penalty area for Gundogan. The midfielder takes a sensational touch to flick the ball over the head of Gabriel, but he skews his volley wide of the post from 10 yards out!

##**9'**| âš½ Goal! Manchester City 1, Arsenal 0. Erling Haaland (Manchester City).

- THE HOSTS STRIKE FIRST! 1-0! Itâ€™s a 100th Manchester City goal for Haaland, who finds the back of the net for an incredible 10th time this season. Savinho cuts inside ahead of Calafiori after linking up with Walker and plays an inch-perfect pass into the channel for the Norway international, who beats both Gabriel and Saliba for pace before knocking a low shot past Raya with the outside of his foot! Savinho's perfectly weighted pass is the assist for Haaland's go-ahead goal; the second of the season for the former Girona winger.

- [Highlight](https://old.reddit.com/r/soccer/comments/1fmw6m8/manchester_city_1_0_arsenal_erling_haaland_9/)

**14'**|
DENIED BY THE POST! Gundogan and Savinho stand over the deadball but itâ€™s the former who takes it, using his right foot to curl his effort towards a gap at the near post. Itâ€™s a clever attempt that forces Raya diving across his line but Manchester City are denied by the frame of the goal, which keeps it 1-0.


**21'**| ğŸ”„
Substitution, Manchester City. Mateo Kovacic replaces Rodri because of an injury.

##**22'**| âš½ Goal! Manchester City 1, Arsenal [1]. Riccardo Calafiori (Arsenal).

- SIMPLY SUBLIME FROM CALAFIORI! 1-1! Arsenal restart play quickly from a free-kick, with the ball floated out to the left for Martinelli. The Brazil international drives towards the byline before laying it off to Calafiori, whose first-time left-footed strike nestles beautifully into the top corner!

- [Highlight](https://old.reddit.com/r/soccer/comments/1fmwh7e/manchester_city_1_1_arsenal_riccardo_calafiori_22/)


**23'**| ğŸŸ¨
Ederson (Manchester City) is shown the yellow card.

**33'**|
The rain has started to come down at the Etihad, with the pitch becoming more and more slick as time wears on. It will force the goalkeepers to take less risks when in possession and during parrying attempts, as the slippery ball could easily slip through a pair of gloves.

**34'**| ğŸŸ¨
Leandro Trossard (Arsenal) is shown the yellow card

**42'**|
CHANCE! Martinelli again threatens down the left wing, driving towards the byline ahead of Walker before pulling a bouncing pass back towards the penalty spot. Trossard manages to get there just ahead of Dias but he canâ€™t find the target, sending his snatched effort high and wide.

**44'**|
Arsenal earned four points against Manchester City in the Premier League last season, double the amount they had from their previous 15 such meetings with the Citizens (two draws and 13 losses).

**45'**| 6mins of injury time added

##**45'+1'**| âš½ Goal! Manchester City 1, Arsenal [2]. Gabriel MagalhÃ£es (Arsenal).

- DEFICIT OVERTURNED! 2-1 ARSENAL! Saka whips a powerful inswinging corner to the back post, where again Gabriel is able to get over the back of Gvardiol. This time, however, the centre-back doesnâ€™t miss the target, sending his effort right into the top corner!

- [Highlight](https://old.reddit.com/r/soccer/comments/1fmx0na/manchester_city_1_2_arsenal_gabriel_magalhaes_451/)


**45'+3'**| ğŸŸ¨
RÃºben Dias (Manchester City) is shown the yellow card 

**45'+7'**| ğŸŸ¨
Thomas Partey (Arsenal) is shown the yellow card

**45'+8'**| ğŸŸ¥
Second yellow card to Leandro Trossard (Arsenal).

- Trossard gives the ball away in midfield, leading to a late Manchester City counter-attack. Savinho looks to break into Arsenalâ€™s half but heâ€™s abruptly stopped by a sliding Partey challenge - for which heâ€™s shown a yellow card.

- TROSSARD SENT OFF! SECOND YELLOW! Itâ€™s a second booking in 19 minutes for Trossard, who charges through the back of Silva during an aerial duel right in front of the referee. There is no attempt to try and win the ball from the Belgium international, who has left his side down to 10 men for the final 45 minutes!

- [Highlight](https://old.reddit.com/r/soccer/comments/1fmx75v/leandro_trossard_arsenal_second_yellow_card/)



---


# HALFTIME': [](#sprite1-p10) Manchester City 1-2 Arsenal [](#sprite1-p1)


##Halftime Match Stats

| Statistic         | [](#sprite1-p10) Manchester City   | Arsenal [](#sprite1-p1)  |
|-------------------|------|------|
| Goals     | 1    | 2    |
| Possession        | 66.6%| 33.4%|
| Shots on Goal     | 2    | 2    |
| Shot Attempts     | 5    | 4    |
| Fouls             | 4    | 7    |
| Yellow Cards      | 2    | 1    |
| Red Cards         | 0    | 1    |
| Corner Kicks      | 2    | 2    |
| Saves             | 0    | 1    |



---

- 2nd Half Begins



**45'**| ğŸ”„
Substitution, Arsenal. Ben White replaces Bukayo Saka.

**45'**|
Arsenal get the match restarted from the kick-off!

**46'**| Looking to shore things up, Saka is replaced by White, with Arsenal moving to a 5-3-1 in the absence of Trossard.

**55'**|
Arsenal are denying Manchester City any space whatsoever ahead of their own penalty area, with all nine outfield players camped within 20 yards of Raya. The hosts look more comfortable playing down the wings before centring the ball into the 18-yard box instead of using incision through the middle, which could mean the introduction of either Foden or Grealish to help pick the lock.

**59'**|
FANTASTIC SAVE FROM RAYA! The hosts work a short-corner routine from the right, which leads to a Walker cross to the far post for Haaland. The Norway international manages to leap high above Saliba and send a dangerous, bouncing header towards the goal but Raya somehow manages to scoop it clear despite the conditions, before Silva blazes the follow-up effort over the crossbar!


**61'**|
Arsenal have managed 13 total passes in the second half, compared to Manchester Cityâ€™s 138. The Gunners are seeing less than 10 per cent possession as they are pinned in their own defensive-third of the pitch, with no outlet ball to help relieve the pressure.

**62'**|
GOOD SAVE! Timber manages to nod away the initial danger at the near post following a Manchester City corner, but Partey is caught in possession inside his own penalty area, which gives Gvardiol a chance to test the goalkeeper. The left-back hits a venomous, low strike that Raya gets down quickly to block, before quickly rising to his feet to catch the ball at the second attempt.



**65'**| ğŸŸ¨
Myles Lewis-Skelly (Arsenal) is shown the yellow card.

- Lewis-Skelly has had something to say to the referee during Raya's stretch, which prompts Michael Oliver to show the substitute a yellow card. It's the first booking of Lewis-Skelly's career - before he's made his Premier League debut.

**69'**|
Manchester City have just over 20 minutes to find something from this match, or Arsenal will end matchweek five as Premier League leaders. Guardiolaâ€™s side have fired 11 total shots on 90 per cent possession and manufactured an xG of 0.47 in the second half, but have not been able to beat Raya. A first substitution of the game is incoming for the hosts, who are looking to ask different questions of the Gunnersâ€™ defense.

**70'**| ğŸ”„
Substitution, Manchester City. Phil Foden replaces JÃ©rÃ©my Doku.

**74'**| ğŸ”„
Substitution, Arsenal. Jakub Kiwior replaces Riccardo Calafiori because of an injury.

**78'**| ğŸ”„
Substitution, Manchester City. Jack Grealish replaces Savinho.

**78'**| ğŸ”„
Substitution, Manchester City. John Stones replaces Kyle Walker.

**83'**| ğŸŸ¨
Declan Rice (Arsenal) is shown the yellow card.

**87'**| ğŸ”„
Substitution, Arsenal. Gabriel Jesus replaces Gabriel Martinelli.

**89'**|
Raya has made 6 saves, his highest total in a single match in the Premier League. In stark contrast - Ederson has not made a single one in Manchester Cityâ€™s goal.

**90'**| 7 mins of injury time added

**90'+1'**| ğŸŸ¨
Bernardo Silva (Manchester City) is shown the yellow card.

**90'+2'**| ğŸ”„
Substitution, Arsenal. Myles Lewis-Skelly replaces JurriÃ«n Timber because of an injury.

**90'+6'**| ğŸŸ¨
Gabriel Jesus (Arsenal) is shown the yellow card.

##**90'+8'**| âš½ Goal! Manchester City 2, Arsenal 2. John Stones (Manchester City) 

- STONES WITH POTENTIALLY THE LAST KICK OF THE GAME! 2-2! Grealish and Gundogan work a short-corner routine that gives the winger a chance to break into Arsenalâ€™s penalty area, before cutting a pass back to Kovacic. The Croatia internationalâ€™s shot is deflected rather fortunately by the diving Kiwior, giving Stones the chance to tuck the ball into an empty net!


- [Highlight](https://old.reddit.com/r/soccer/comments/1fmyum6/manchester_city_2_2_arsenal_john_stones_908/)

**90+10'**|
Itâ€™s all kicked off between the players on the pitch and the coaches in the technical area, with Arsenal furious to have lost their lead in the eighth minute of stoppage time. The result puts Manchester City back on the top of the table should it hold, while Arsenal sit fourth.



------

# FULLTIME': [](#sprite1-p10) Manchester City 2-2 Arsenal [](#sprite1-p1)

Manchester City scorers: *âš½ Erling Haaland - 9', âš½ John Stones - 90'+8*

Arsenal scorers: *âš½ Riccardo Calafiori - 22', âš½ Gabriel MagalhÃ£es - 45'+1', ğŸŸ¥ Leandro Trossard - 45'+8*

##FULLTIME STATS
| Statistic | Manchester City (MNC) | Arsenal (ARS) | 
|------------------|-----------------------|---------------| 
| Goals     | 2    | 2    |
| Possession | 77.5% | 22.5% | 
| Shots on Goal | 10 | 2 | 
| Shot Attempts | 31 | 4 | 
| Fouls | 6 | 10 | 
| Yellow Cards | 3 | 3 | 
| Red Cards | 0 | 1 | 
| Corner Kicks | 6 | 2 | 
| Saves | 0 | 9 |





Here are the next Premier League fixtures for Manchester City and Arsenal

| Team | Opponent | Date | Venue | 
|-----------------|-------------------|----------------|---------------| 
| [](#sprite1-p10) Manchester City | [](#sprite1-p66) Nottingham Forest | September 30, 2024 | City Ground | 
| [](#sprite1-p1) Arsenal | [](#sprite1-p159) Sheffield United | September 28, 2024 | Bramall Lane |








---------

Match thread created by /u/VivaLosHeavies"
Post Match Thread: Tottenham Hotspur 2-1 Manchester City | English Carabao Cup,2024-10-30T22:13:35+00:00,https://www.reddit.com/r/soccer/comments/1gfyv9l/post_match_thread_tottenham_hotspur_21_manchester/,"

#**FT: Tottenham Hotspur  [2-1](#bar-3-white)  Manchester City**





--------

**Venue:** Tottenham Hotspur Stadium

[Auto-refreshing reddit comments link](http://www.reddit-stream.com/comments/1gfvuqf)

---------

[](#icon-notes-big) **LINE-UPS**

**Tottenham Hotspur**

Guglielmo Vicario, Radu Dragusin, Cristian Romero ([](#icon-sub)Ben Davies), Micky van de Ven ([](#icon-sub)Destiny Udogie), Archie Gray, Rodrigo Bentancur, Pape Matar Sarr ([](#icon-sub)Yves Bissouma), Dejan Kulusevski, Dominic Solanke, Timo Werner ([](#icon-sub)Richarlison), Brennan Johnson ([](#icon-sub)Mikey Moore).

**Subs:** Lucas Bergvall, James Maddison, Fraser Forster, Pedro Porro.

^____________________________

**Manchester City**

Stefan Ortega, RÃºben Dias ([](#icon-sub)Josko Gvardiol), John Stones, Ilkay GÃ¼ndogan ([](#icon-sub)Mateo Kovacic), Nathan AkÃ© ([](#icon-sub)Jahmai Simpson-Pusey), Rico Lewis, James McAtee, Nico O&#x27;Reilly, Matheus Nunes, Savinho ([](#icon-sub)Jacob Wright), Phil Foden ([](#icon-sub)Bernardo Silva).

**Subs:** Farid Alfa-Ruprecht, Manuel Akanji, Ederson, Erling Haaland.

------------

[](#icon-net-big) **MATCH EVENTS** | *via [ESPN](http://www.espn.com/soccer/match?gameId=721576)*



**5'** [](#icon-ball) **Goal! Tottenham Hotspur 1, Manchester City 0. Timo Werner (Tottenham Hotspur) right footed shot from the centre of the box to the bottom right corner. Assisted by Dejan Kulusevski.**

**14'** [](#icon-sub) Substitution, Tottenham Hotspur. Destiny Udogie replaces Micky van de Ven because of an injury.

**23'** [](#icon-yellow) Pape Sarr (Tottenham Hotspur) is shown the yellow card.

**25'** [](#icon-ball) **Goal! Tottenham Hotspur 2, Manchester City 0. Pape Sarr (Tottenham Hotspur) right footed shot from outside the box to the bottom right corner. Assisted by Dejan Kulusevski following a corner.**

**45'** [](#icon-sub) Substitution, Manchester City. Josko Gvardiol replaces RÃºben Dias.

**45'** [](#icon-sub) Substitution, Manchester City. Mateo Kovacic replaces Ilkay GÃ¼ndogan.

**45'** [](#icon-sub) Substitution, Tottenham Hotspur. Yves Bissouma replaces Pape Sarr.

**52'** [](#icon-sub) Substitution, Tottenham Hotspur. Ben Davies replaces Cristian Romero.

**53'** [](#icon-yellow) Yves Bissouma (Tottenham Hotspur) is shown the yellow card for a bad foul.

**58'** [](#icon-sub) Substitution, Manchester City. Bernardo Silva replaces Phil Foden.

**63'** [](#icon-sub) Substitution, Manchester City. Jacob Wright replaces Savinho because of an injury.

**68'** [](#icon-sub) Substitution, Tottenham Hotspur. Mikey Moore replaces Brennan Johnson.

**69'** [](#icon-sub) Substitution, Tottenham Hotspur. Richarlison replaces Timo Werner because of an injury.

**74'** [](#icon-sub) Substitution, Manchester City. Jahmai Simpson-Pusey replaces Nathan AkÃ©.

**90'** [](#icon-yellow) Archie Gray (Tottenham Hotspur) is shown the yellow card for a bad foul.



--------

*^(Don't see a thread for a match you're watching?) [^(Click here)](https://www.reddit.com/r/soccer/wiki/matchthreads#wiki_match_thread_bot) ^(to learn how to request a match thread from this bot.)*"
